<beans xmlns="http://www.springframework.org/schema/beans" xmlns:context="http://www.springframework.org/schema/context" xmlns:mvc="http://www.springframework.org/schema/mvc" xmlns:xsi="http://www.w3.org/2001/XMLSchema-instance" xsi:schemaLocation=" http://www.springframework.org/schema/beans http://www.springframework.org/schema/beans/spring-beans-3.0.xsd http://www.springframework.org/schema/context http://www.springframework.org/schema/context/spring-context-3.0.xsd http://www.springframework.org/schema/mvc http://www.springframework.org/schema/mvc/spring-mvc-3.0.xsd">
       
       <mvc:annotation-driven/>
		<context:component-scan base-package="com.controller"/>
		 <mvc:annotation-driven/>
		<context:component-scan base-package="com.service"/>
		 <mvc:annotation-driven/>
		<context:component-scan base-package="com.dao"/>
		 <mvc:annotation-driven/>
		<context:component-scan base-package="com.spring"/>
		 <mvc:annotation-driven/>
		<context:component-scan base-package="com.utils"/>

       <bean id="dataSource" class="org.apache.commons.dbcp.BasicDataSource" destroy-method="close">
              <property name="driverClassName" value="oracle.jdbc.driver.OracleDriver"/>
              <property name="url" value="jdbc:oracle:thin:@10.232.71.29:1521:INATP02"/>
              <property name="username" value="shobana"/>
              <property name="password" value="shobana"/>
       </bean>
       <mvc:resources location="classpath:/META-INF/resources/" mapping="swagger-ui.html"/>
       <mvc:resources location="classpath:/META-INF/resources/webjars/" mapping="webjars/**"/>
       <bean class="springfox.documentation.swagger2.configuration.Swagger2DocumentationConfiguration" id="swagger2Config"></bean>
       <bean class="org.springframework.web.servlet.mvc.annotation.DefaultAnnotationHandlerMapping"/>
       <bean class="org.springframework.web.servlet.mvc.annotation.AnnotationMethodHandlerAdapter"/>
       <bean id="viewResolver" class="org.springframework.web.servlet.view.InternalResourceViewResolver">
              <property name="prefix">
                     <value>/WEB-INF/jsp/</value>
              </property>
              <property name="suffix">
                     <value>.jsp</value>
              </property>
       </bean>
</beans>
